time,X,sdX,V,sdV,Feed,batch number
0,0.929736538,0.045269822,1.942470287,0.095269822,3.3888,1
0.125,1.940665438,0.088883194,2.194420458,0.116451952,3.3888,1
0.25,3.126001343,0.176200573,2.758151236,0.137634082,3.3888,1
0.375,7.122598367,0.341412098,3.104761875,0.158816212,3.3888,1
0.5,12.58774563,0.619513316,3.619631286,0.179998342,3.3888,1
0.625,18.75861795,1.003547247,3.973203097,0.201180472,3.3888,1
0.75,27.57646906,1.409378211,4.405025009,0.222362602,3.3888,1
0.875,35.27404162,1.733996598,4.619333989,0.243544732,3.3888,1
1,45.80258612,1.942565741,5.208953176,0.264726862,3.3888,1
,,,,,,
0,1.030768364,0.045269822,3.213208394,0.154730178,3.3888,2
0.125,1.78038221,0.095462274,3.825155642,0.175912308,3.3888,2
0.25,4.574941246,0.198608919,3.713156733,0.197094438,3.3888,2
0.375,8.194935555,0.395405342,4.884464653,0.218276568,3.3888,2
0.5,14.35403918,0.719971846,5.154606594,0.239458698,3.3888,2
0.625,23.68144351,1.143216868,5.256736485,0.260640828,3.3888,2
0.75,30.74305447,1.553069045,5.551572235,0.281822957,3.3888,2
0.875,36.79401394,1.851191445,5.84840595,0.303005087,3.3888,2
1,43.57379998,2.027659987,6.753717923,0.324187217,3.3888,2
,,,,,,
0,2.24217199,0.104730178,1.839221523,0.095269822,3.3888,3
0.125,4.268019209,0.199280052,2.275251865,0.116451952,3.3888,3
0.25,7.712046883,0.373076359,2.874297473,0.137634082,3.3888,3
0.375,12.33133621,0.656183458,3.245559242,0.158816212,3.3888,3
0.5,21.43022349,1.034415052,3.761379876,0.179998342,3.3888,3
0.625,30.80088586,1.423973686,4.125151663,0.201180472,3.3888,3
0.75,35.48949292,1.73213319,4.358107505,0.222362602,3.3888,3
0.875,40.62088593,1.931137569,4.745749657,0.243544732,3.3888,3
1,42.40661234,2.045971311,5.505357126,0.264726862,3.3888,3
,,,,,,
0,2.062824135,0.104730178,2.990750184,0.154730178,3.3888,4
0.125,4.337829998,0.213750738,3.726994087,0.175912308,3.3888,4
0.25,8.024226632,0.417651837,4.097731715,0.197094438,3.3888,4
0.375,15.58783517,0.746243773,4.428334214,0.218276568,3.3888,4
0.5,21.95729869,1.164662406,4.789946473,0.239458698,3.3888,4
0.625,29.57818143,1.562409753,5.308111317,0.260640828,3.3888,4
0.75,35.49096143,1.849402518,6.630357922,0.281822957,3.3888,4
0.875,34.44947449,2.019819914,6.026032868,0.303005087,3.3888,4
1,45.27051279,2.111657326,5.979116491,0.324187217,3.3888,4
,,,,,,
0,0.92011776,0.045269822,2.087847898,0.095269822,9.8112,5
0.125,1.277185598,0.066364294,3.22724823,0.156587692,9.8112,5
0.25,2.424898191,0.113470487,4.216927699,0.217905562,9.8112,5
0.375,3.755752864,0.205361634,6.315289884,0.279223432,9.8112,5
0.5,7.404783141,0.37214159,6.998447422,0.340541302,9.8112,5
0.625,12.68053315,0.641774384,8.155411898,0.401859172,9.8112,5
0.75,20.39021649,1.003494711,8.90326146,0.463177043,9.8112,5
0.875,28.0879533,1.382767136,9.931347834,0.524494913,9.8112,5
1,32.36175513,1.691222997,10.68029611,0.585812783,9.8112,5
,,,,,,
0,0.904036026,0.045269822,3.029165142,0.154730178,9.8112,6
0.125,1.546232161,0.077954259,4.093440235,0.216048048,9.8112,6
0.25,2.957759197,0.143387685,5.726983588,0.277365918,9.8112,6
0.375,5.647390118,0.267734272,6.666100243,0.338683788,9.8112,6
0.5,10.23465579,0.484841692,8.707632724,0.400001658,9.8112,6
0.625,15.51361192,0.810688256,9.923251722,0.461319528,9.8112,6
0.75,24.11340613,1.201024797,10.53846589,0.522637398,9.8112,6
0.875,29.2996791,1.559664732,11.51398401,0.583955268,9.8112,6
1,34.353752,1.818958163,13.64892441,0.645273138,9.8112,6
,,,,,,
0,2.093886226,0.104730178,1.796168864,0.095269822,9.8112,7
0.125,3.219797479,0.149531081,3.237246768,0.156587692,9.8112,7
0.25,4.723489054,0.245626989,4.212307802,0.217905562,9.8112,7
0.375,8.491021643,0.416811337,5.472689168,0.279223432,9.8112,7
0.5,13.52329457,0.683878343,6.582049574,0.340541302,9.8112,7
0.625,21.75925795,1.030396884,8.268505249,0.401859172,9.8112,7
0.75,26.22414066,1.386718302,8.903145797,0.463177043,9.8112,7
0.875,33.58913865,1.676727433,9.932065812,0.524494913,9.8112,7
1,38.50852808,1.873663907,12.04019741,0.585812783,9.8112,7
,,,,,,
0,2.209870661,0.104730178,3.029086338,0.154730178,9.8112,8
0.125,3.774117004,0.175180091,4.39908116,0.216048048,9.8112,8
0.25,6.165229658,0.306942686,5.449716277,0.277365918,9.8112,8
0.375,9.792010003,0.52905734,6.864964829,0.338683788,9.8112,8
0.5,16.36651929,0.849868928,6.974249168,0.400001658,9.8112,8
0.625,23.14821417,1.222288675,9.441302784,0.461319528,9.8112,8
0.75,34.85224529,1.559352676,11.42148823,0.522637398,9.8112,8
0.875,34.97421909,1.80424581,12.28600385,0.583955268,9.8112,8
1,40.62533922,1.958029153,13.49323986,0.645273138,9.8112,8
,,,,,,
0,1.485568612,0.075,2.470033589,0.125,1.2,9
0.125,3.479477864,0.166572969,2.673982246,0.1325,1.2,9
0.25,6.782991476,0.352635212,2.834194937,0.14,1.2,9
0.375,12.64081227,0.679696478,2.96421795,0.1475,1.2,9
0.5,20.99566394,1.130158725,2.971277383,0.155,1.2,9
0.625,32.35900252,1.579397514,3.19275902,0.1625,1.2,9
0.75,37.7522819,1.904504686,3.370288243,0.17,1.2,9
0.875,41.39141707,2.090059021,3.464684018,0.1775,1.2,9
1,46.7556911,2.182875675,3.854814792,0.185,1.2,9
,,,,,,
0,1.521868828,0.075,2.817293668,0.125,12,10
0.125,2.249893666,0.111392946,3.73533315,0.2,12,10
0.25,4.069516746,0.188510907,5.535293572,0.275,12,10
0.375,6.351217111,0.330869519,6.495167296,0.35,12,10
0.5,11.73124225,0.566819111,9.053565989,0.425,12,10
0.625,18.7286129,0.898897703,10.70495575,0.5,12,10
0.75,25.12760454,1.271879036,10.54403779,0.575,12,10
0.875,32.31592888,1.598558383,14.26339491,0.65,12,10
1,34.46827427,1.830093907,13.71359362,0.725,12,10
,,,,,,
0,0.471301181,0.025,2.528352372,0.125,6.6,11
0.125,0.917533475,0.045637363,3.50769698,0.16625,6.6,11
0.25,1.818645782,0.087762933,4.180541666,0.2075,6.6,11
0.375,3.877854244,0.171696697,5.546046871,0.24875,6.6,11
0.5,6.384285825,0.330225507,6.598241785,0.29,6.6,11
0.625,12.07618769,0.598206255,6.670817746,0.33125,6.6,11
0.75,19.37657863,0.972841632,6.739617837,0.3725,6.6,11
0.875,24.86916474,1.376498383,8.123984149,0.41375,6.6,11
1,33.38050261,1.706479467,8.714109945,0.455,6.6,11
,,,,,,
0,2.275665145,0.125,2.404405829,0.125,6.6,12
0.125,4.522383225,0.217001043,3.137520737,0.16625,6.6,12
0.25,7.312344945,0.382605547,4.166224196,0.2075,6.6,12
0.375,13.01332422,0.647426076,5.499024127,0.24875,6.6,12
0.5,19.46090298,1.000279197,5.592404256,0.29,6.6,12
0.625,27.82742867,1.370571585,6.532079187,0.33125,6.6,12
0.75,32.4835323,1.674437068,7.884511939,0.3725,6.6,12
0.875,38.5164648,1.879772083,8.776804862,0.41375,6.6,12
1,41.55855531,2.003849157,9.320921149,0.455,6.6,12
,,,,,,
0,1.628391584,0.075,1.576951236,0.075,6.6,13
0.125,2.275894404,0.114910058,2.4262219,0.11625,6.6,13
0.25,3.517382475,0.196923773,3.089873134,0.1575,6.6,13
0.375,6.648842247,0.34700937,4.060242489,0.19875,6.6,13
0.5,12.66345808,0.5930086,4.728208675,0.24,6.6,13
0.625,17.6628074,0.933165274,5.371911979,0.28125,6.6,13
0.75,27.38683356,1.306564278,6.654705411,0.3225,6.6,13
0.875,32.72531235,1.626179257,7.299536244,0.36375,6.6,13
1,39.63072143,1.848732672,8.024216179,0.405,6.6,13
,,,,,,
0,1.3529325,0.075,3.551052305,0.175,6.6,14
0.125,2.839935897,0.143414434,4.538588977,0.21625,6.6,14
0.25,5.154686624,0.274299928,5.251180652,0.2575,6.6,14
0.375,11.53056876,0.50334227,6.033122223,0.29875,6.6,14
0.5,17.58564449,0.844439839,6.895126885,0.34,6.6,14
0.625,26.61719202,1.245017396,7.644527744,0.38125,6.6,14
0.75,30.35937165,1.602769537,8.122788012,0.4225,6.6,14
0.875,36.20828043,1.853851199,9.639870018,0.46375,6.6,14
1,39.53915961,2.004262998,10.81149801,0.505,6.6,14
,,,,,,
0,1.582381846,0.075,2.433237677,0.125,6.6,15
0.125,2.632352715,0.133472042,3.645489839,0.16625,6.6,15
0.25,5.077511449,0.245272144,4.113428634,0.2075,6.6,15
0.375,7.949228008,0.442898743,4.914367097,0.24875,6.6,15
0.5,14.68534422,0.747492217,5.539695809,0.29,6.6,15
0.625,21.62849876,1.127869859,6.362538413,0.33125,6.6,15
0.75,27.53807051,1.494770436,7.095016928,0.3725,6.6,15
0.875,36.33612929,1.771804866,8.421428382,0.41375,6.6,15
1,39.49497669,1.947293547,9.826646977,0.455,6.6,15
