time,VCD,sdVCD,mAB,sdmAB,EALA,sdEALA,EARG,sdEARG,EASN,sdEASN,EASP,sdEASP,ECYS,sdECYS,EGLC,sdEGLC,EGLN,sdEGLN,EGLU,sdEGLU,EPYR,sdEPYR,EGLY,sdEGLY,EHIS,sdEHIS,EILE,sdEILE,ELAC,sdELAC,ELEU,sdELEU,ELYS,sdELYS,EMET,sdEMET,ENH4,sdENH4,EPHE,sdEPHE,EPRO,sdEPRO,ESER,sdESER,ETHR,sdETHR,ETYR,sdETYR,EVAL,sdEVAL,V,sdV,Feed,Induc
0,4,0.813,0,13.5025,1.11,0.6441,6.06,1.653,11.17,0.0799,4.47,0.0072,2.5,0.2703,72.55,100.7377,6.21,1.0276,0.97,0.0661,0.23,2.0843,0.65,0.5552,1.5,0.4834,8.17,2.901,5.22,0.4167,10.84,1.8766,5.75,0.1641,2.23,0.274,2.12,1.2915,3.42,1.3903,8.98,2.5876,10.7,3.6986,5.2,1.106,2.32,0.0284,7.62,3.287,0.27,0.608,0.024,0
0.5,8.32,0.813,50.207,13.5025,2.036,0.6441,8.738,1.653,10.872,0.0799,4.004,0.0072,2.425,0.2703,0,100.7377,6.865,1.0276,0.84,0.0661,4.564,2.0843,0,0.5552,1.806,0.4834,9.68,2.901,11.051,0.4167,9.399,1.8766,5.773,0.1641,2.236,0.274,5.618,1.2915,4.147,1.3903,9.333,2.5876,8.161,3.6986,5.608,1.106,2.31,0.0284,9.875,3.287,0.277,0.608,0.024,0
1,5.96,0.813,114.116,13.5025,1.83,0.6441,6.803,1.653,10.09,0.0799,3.292,0.0072,2.593,0.2703,236.922,100.7377,4.417,1.0276,0.738,0.0661,0.334,2.0843,0.283,0.5552,1.421,0.4834,7.47,2.901,13.693,0.4167,10.698,1.8766,4.328,0.1641,2.004,0.274,10.441,1.2915,4.782,1.3903,10.442,2.5876,13.547,3.6986,3.459,1.106,2.011,0.0284,9.934,3.287,0.284,0.608,0.024,0
1.5,12.468,0.813,34.223,13.5025,4.013,0.6441,4.591,1.653,8.424,0.0799,2.576,0.0072,2.01,0.2703,231.434,100.7377,2.929,1.0276,0.656,0.0661,1.921,2.0843,1.003,0.5552,1.427,0.4834,7.261,2.901,20.825,0.4167,12.141,1.8766,4.838,0.1641,2.058,0.274,9.903,1.2915,2.964,1.3903,10.83,2.5876,10.025,3.6986,4.106,1.106,1.916,0.0284,18.082,3.287,0.291,0.608,0.024,0
2,14.586,0.813,72.429,13.5025,5.564,0.6441,5.789,1.653,7.539,0.0799,0.978,0.0072,2.316,0.2703,215.042,100.7377,3.192,1.0276,0.668,0.0661,2.188,2.0843,1.794,0.5552,2.429,0.4834,13.566,2.901,19.503,0.4167,12.449,1.8766,3.915,0.1641,2.091,0.274,10.371,1.2915,3.807,1.3903,12.754,2.5876,17.461,3.6986,3.804,1.106,1.687,0.0284,8.247,3.287,0.298,0.608,0.024,0
2.5,15.145,0.813,50.882,13.5025,8.252,0.6441,5.324,1.653,5.441,0.0799,0,0.0072,2.193,0.2703,244.151,100.7377,4.268,1.0276,0.703,0.0661,1.911,2.0843,2.767,0.5552,0.105,0.4834,11.911,2.901,18.867,0.4167,10.137,1.8766,3.908,0.1641,2.38,0.274,15.63,1.2915,4.763,1.3903,12.305,2.5876,12.017,3.6986,4.532,1.106,1.587,0.0284,7.197,3.287,0.305,0.608,0.024,0
3,17.767,0.813,0,13.5025,10.508,0.6441,10.437,1.653,4.167,0.0799,0,0.0072,2.029,0.2703,205.451,100.7377,3.547,1.0276,0.914,0.0661,4.455,2.0843,0,0.5552,2.128,0.4834,12.434,2.901,18.215,0.4167,10.99,1.8766,3.761,0.1641,1.901,0.274,16.675,1.2915,5.719,1.3903,16.284,2.5876,17.034,3.6986,5.006,1.106,1.479,0.0284,9.944,3.287,0.312,0.608,0.024,0
3.5,20.081,0.813,20.571,13.5025,12.192,0.6441,5.988,1.653,3.644,0.0799,0.36,0.0072,2.435,0.2703,397.213,100.7377,2.945,1.0276,1.141,0.0661,4.818,2.0843,3.201,0.5552,0.972,0.4834,15.485,2.901,13.227,0.4167,11.929,1.8766,3.682,0.1641,2.223,0.274,26.929,1.2915,7.175,1.3903,13.831,2.5876,9.591,3.6986,3.997,1.106,1.226,0.0284,10.863,3.287,0.32,0.608,0.024,0
4,24.113,0.813,0,13.5025,11.117,0.6441,9.179,1.653,2.686,0.0799,0,0.0072,2.432,0.2703,398.806,100.7377,2.886,1.0276,1.12,0.0661,10.61,2.0843,5.484,0.5552,1.655,0.4834,16.98,2.901,10.41,0.4167,12.322,1.8766,3.03,0.1641,2.199,0.274,27.691,1.2915,6.829,1.3903,18.741,2.5876,15.336,3.6986,4.292,1.106,1.154,0.0284,15.511,3.287,0.344,0.608,0.096,1
4.5,21.333,0.813,937.612,13.5025,11.96,0.6441,9.939,1.653,2.437,0.0799,0.245,0.0072,2.299,0.2703,534.705,100.7377,4.783,1.0276,0.732,0.0661,11.072,2.0843,3.602,0.5552,1.061,0.4834,20.305,2.901,8.201,0.4167,14.429,1.8766,2.607,0.1641,2.189,0.274,27.848,1.2915,10.484,1.3903,16.543,2.5876,18.201,3.6986,6.818,1.106,0.61,0.0284,20.584,3.287,0.397,0.608,0.096,1
5,14.715,0.813,1079.144,13.5025,10.832,0.6441,13.245,1.653,0,0.0799,0.033,0.0072,2.052,0.2703,865.803,100.7377,5.108,1.0276,0.801,0.0661,12.491,2.0843,6.436,0.5552,2.173,0.4834,25.665,2.901,5.593,0.4167,15.853,1.8766,1.535,0.1641,2.137,0.274,24.988,1.2915,11.227,1.3903,21.497,2.5876,16.001,3.6986,8.079,1.106,0.285,0.0284,24.165,3.287,0.449,0.608,0.096,1
5.5,18.295,0.813,1078.593,13.5025,11.074,0.6441,12.13,1.653,0.182,0.0799,0.36,0.0072,2.62,0.2703,839.544,100.7377,7.277,1.0276,0.844,0.0661,20.214,2.0843,6.905,0.5552,2.806,0.4834,27.382,2.901,1.436,0.4167,15.32,1.8766,1.599,0.1641,2.406,0.274,27.916,1.2915,13.341,1.3903,22.029,2.5876,23.076,3.6986,8.023,1.106,0.382,0.0284,29.385,3.287,0.502,0.608,0.096,1
6,13.872,0.813,1016.305,13.5025,12.049,0.6441,12.306,1.653,0,0.0799,0,0.0072,2.545,0.2703,901.113,100.7377,6.216,1.0276,0.813,0.0661,21.386,2.0843,9.309,0.5552,3.564,0.4834,27.719,2.901,1.441,0.4167,17.328,1.8766,1.62,0.1641,2.547,0.274,25.874,1.2915,13.304,1.3903,25.51,2.5876,31.401,3.6986,7.379,1.106,0.061,0.0284,31.621,3.287,0.555,0.608,0.096,1
6.5,11.414,0.813,781.565,13.5025,13.169,0.6441,13.237,1.653,0,0.0799,0,0.0072,2.487,0.2703,1006.512,100.7377,9.706,1.0276,1.146,0.0661,20.009,2.0843,13.231,0.5552,2.878,0.4834,27.107,2.901,0.663,0.4167,15.654,1.8766,1.399,0.1641,2.357,0.274,25.458,1.2915,13.37,1.3903,26.967,2.5876,31.787,3.6986,4.883,1.106,0.023,0.0284,34.809,3.287,0.608,0.608,0.096,1
7,11.038,0.813,1011.838,13.5025,10.389,0.6441,16.926,1.653,0,0.0799,0,0.0072,2.612,0.2703,1023.401,100.7377,10.091,1.0276,1.144,0.0661,18.75,2.0843,13.768,0.5552,4.267,0.4834,28.646,2.901,1.34,0.4167,20.65,1.8766,1.603,0.1641,2.763,0.274,23.788,1.2915,13.244,1.3903,22.646,2.5876,30.495,3.6986,1.914,1.106,0,0.0284,39.445,3.287,0.66,0.608,0.096,1
7.5,8.819,0.813,867.339,13.5025,11.105,0.6441,16.637,1.653,0,0.0799,0.727,0.0072,2.608,0.2703,1055.976,100.7377,12.085,1.0276,1.18,0.0661,21.979,2.0843,16.87,0.5552,3.705,0.4834,34.485,2.901,0.989,0.4167,18.971,1.8766,1.408,0.1641,2.622,0.274,21.78,1.2915,15.711,1.3903,25.42,2.5876,34.049,3.6986,3.536,1.106,0.195,0.0284,39.536,3.287,0.713,0.608,0.096,1
,,,,,,,,,,,,,,,,,,,,,,,,,,,,,,,,,,,,,,,,,,,,,,,,,,,,,,
0,4,0.813,0,13.5025,1.11,0.6441,6.06,1.653,11.17,0.0799,4.47,0.0072,2.5,0.2703,72.55,100.7377,6.21,1.0276,0.97,0.0661,0.23,2.0843,0.65,0.5552,1.5,0.4834,8.17,2.901,5.22,0.4167,10.84,1.8766,5.75,0.1641,2.23,0.274,2.12,1.2915,3.42,1.3903,8.98,2.5876,10.7,3.6986,5.2,1.106,2.32,0.0284,7.62,3.287,0.27,0.608,0.024,0
0.5,8.792,0.813,0,13.5025,3.139,0.6441,6.407,1.653,11.075,0.0799,4.031,0.0072,2.673,0.2703,172.423,100.7377,4.902,1.0276,0.957,0.0661,0,2.0843,1.772,0.5552,2.192,0.4834,14.383,2.901,10.679,0.4167,10.969,1.8766,5.079,0.1641,2.323,0.274,3.695,1.2915,4.692,1.3903,7.383,2.5876,14.591,3.6986,4.091,1.106,2.228,0.0284,12.204,3.287,0.277,0.608,0.024,0
1,8.588,0.813,0,13.5025,1.091,0.6441,5.639,1.653,9.764,0.0799,2.767,0.0072,2.801,0.2703,375.931,100.7377,4.364,1.0276,0.816,0.0661,1.659,2.0843,0,0.5552,2.008,0.4834,11.184,2.901,15.646,0.4167,11.779,1.8766,4.789,0.1641,2.498,0.274,3.172,1.2915,5.095,1.3903,10.429,2.5876,13.901,3.6986,3.162,1.106,1.993,0.0284,13.466,3.287,0.284,0.608,0.024,0
1.5,10.825,0.813,0,13.5025,5.072,0.6441,5.829,1.653,8.103,0.0799,2.235,0.0072,2.334,0.2703,280.34,100.7377,5.569,1.0276,0.682,0.0661,2.238,2.0843,0,0.5552,2.072,0.4834,6.713,2.901,20.253,0.4167,10.825,1.8766,4.51,0.1641,1.813,0.274,6.088,1.2915,2.967,1.3903,10.057,2.5876,11.183,3.6986,4.467,1.106,1.909,0.0284,6.068,3.287,0.291,0.608,0.024,0
2,14.486,0.813,0,13.5025,7.187,0.6441,8.199,1.653,7.75,0.0799,0.981,0.0072,2.062,0.2703,320.967,100.7377,4.392,1.0276,0.788,0.0661,7.501,2.0843,2.609,0.5552,1.043,0.4834,10.746,2.901,19.883,0.4167,10.049,1.8766,3.966,0.1641,2.026,0.274,10.677,1.2915,5.524,1.3903,11.75,2.5876,10.761,3.6986,3.252,1.106,1.408,0.0284,16.645,3.287,0.298,0.608,0.024,0
2.5,17.009,0.813,0,13.5025,7.672,0.6441,7.086,1.653,5.311,0.0799,0,0.0072,2.391,0.2703,252.049,100.7377,4.438,1.0276,0.592,0.0661,3.116,2.0843,3.194,0.5552,0.766,0.4834,10.661,2.901,20.98,0.4167,7.462,1.8766,3.903,0.1641,2.068,0.274,14.327,1.2915,5.154,1.3903,11.585,2.5876,14.753,3.6986,4.827,1.106,1.616,0.0284,9.275,3.287,0.305,0.608,0.024,0
3,18.372,0.813,68.848,13.5025,11.161,0.6441,7.509,1.653,5.002,0.0799,0.013,0.0072,2.419,0.2703,161.331,100.7377,2.263,1.0276,0.865,0.0661,4.339,2.0843,3.297,0.5552,0.379,0.4834,13.529,2.901,17.53,0.4167,12.417,1.8766,3.441,0.1641,1.675,0.274,17.033,1.2915,4.763,1.3903,12.276,2.5876,9.42,3.6986,3.494,1.106,1.649,0.0284,13.636,3.287,0.312,0.608,0.024,0
3.5,18.939,0.813,0,13.5025,11.238,0.6441,8.237,1.653,4.066,0.0799,0,0.0072,2.288,0.2703,272.121,100.7377,4.402,1.0276,1,0.0661,2.227,2.0843,4.25,0.5552,1.052,0.4834,14.237,2.901,13.268,0.4167,11.379,1.8766,3.372,0.1641,2.234,0.274,23.365,1.2915,5.17,1.3903,11.141,2.5876,14.91,3.6986,5.76,1.106,1.425,0.0284,16.782,3.287,0.32,0.608,0.024,0
4,14.027,0.813,80.058,13.5025,8.242,0.6441,13.047,1.653,1.896,0.0799,0,0.0072,2.353,0.2703,668.456,100.7377,7.504,1.0276,0.872,0.0661,13.653,2.0843,4.553,0.5552,4.834,0.4834,23.426,2.901,8.702,0.4167,15.743,1.8766,2.511,0.1641,2.369,0.274,22.893,1.2915,12.238,1.3903,20.241,2.5876,29.096,3.6986,12.417,1.106,0.983,0.0284,25.77,3.287,0.441,0.608,0.624,1
4.5,10.054,0.813,300.386,13.5025,4.58,0.6441,20.116,1.653,1.108,0.0799,0,0.0072,3.206,0.2703,1156.077,100.7377,14.043,1.0276,0.374,0.0661,22.075,2.0843,4.397,0.5552,6.79,0.4834,31.477,2.901,4.111,0.4167,21.059,1.8766,1.567,0.1641,3.253,0.274,13.945,1.2915,15.186,1.3903,30.557,2.5876,45.121,3.6986,17.739,1.106,0.311,0.0284,43.872,3.287,0.748,0.608,0.624,1
5,5.529,0.813,409.148,13.5025,5.434,0.6441,23.042,1.653,1.461,0.0799,0,0.0072,2.452,0.2703,1453.37,100.7377,15.039,1.0276,0.425,0.0661,29.037,2.0843,2.759,0.5552,7.29,0.4834,35.09,2.901,4.338,0.4167,20.679,1.8766,1.244,0.1641,2.981,0.274,11.73,1.2915,16.95,1.3903,36.008,2.5876,51.709,3.6986,20.236,1.106,0.204,0.0284,50.381,3.287,1.056,0.608,0.624,1
5.5,4.412,0.813,262.059,13.5025,5.967,0.6441,25.276,1.653,0.669,0.0799,0,0.0072,2.901,0.2703,1461.379,100.7377,16.335,1.0276,0.312,0.0661,32.996,2.0843,4.404,0.5552,8.781,0.4834,37.435,2.901,4.057,0.4167,22.706,1.8766,1.641,0.1641,3.25,0.274,6.287,1.2915,19.79,1.3903,32.15,2.5876,57.08,3.6986,23.599,1.106,0.147,0.0284,46.267,3.287,1.363,0.608,0.624,1
6,6.242,0.813,269.461,13.5025,5.248,0.6441,25.185,1.653,0.223,0.0799,0,0.0072,2.793,0.2703,1499.4,100.7377,17.971,1.0276,0.27,0.0661,33.556,2.0843,3.947,0.5552,8.233,0.4834,42.516,2.901,2.184,0.4167,25.875,1.8766,1.39,0.1641,3.011,0.274,8.491,1.2915,22.557,1.3903,40.472,2.5876,70.165,3.6986,21.744,1.106,0.097,0.0284,42.623,3.287,1.67,0.608,0.624,1
6.5,3.406,0.813,291.067,13.5025,5.106,0.6441,27.248,1.653,0.423,0.0799,0.072,0.0072,2.969,0.2703,1590.452,100.7377,18.392,1.0276,0.241,0.0661,32.349,2.0843,3.589,0.5552,8.386,0.4834,36.767,2.901,2.134,0.4167,25.669,1.8766,1.187,0.1641,3.164,0.274,6.629,1.2915,20.921,1.3903,39.633,2.5876,59.993,3.6986,24.34,1.106,0,0.0284,48.088,3.287,1.977,0.608,0.624,1
7,3.173,0.813,167.09,13.5025,3.915,0.6441,25.647,1.653,0.28,0.0799,0,0.0072,3.189,0.2703,1647.523,100.7377,17.146,1.0276,0.517,0.0661,31.221,2.0843,3.367,0.5552,9.68,0.4834,41.626,2.901,2.12,0.4167,23.6,1.8766,0.704,0.1641,3.093,0.274,8.305,1.2915,21.633,1.3903,37.551,2.5876,56.575,3.6986,22.785,1.106,0.013,0.0284,47.738,3.287,2.285,0.608,0.624,1
7.5,3.97,0.813,143.749,13.5025,4.452,0.6441,25.915,1.653,0,0.0799,0.028,0.0072,3.175,0.2703,1725.41,100.7377,17.087,1.0276,0.297,0.0661,37.959,2.0843,6.05,0.5552,9.105,0.4834,43.39,2.901,1.029,0.4167,22.688,1.8766,0.639,0.1641,3.433,0.274,9.851,1.2915,20.569,1.3903,37.095,2.5876,69.067,3.6986,22.901,1.106,0.026,0.0284,48.693,3.287,2.592,0.608,0.624,1
,,,,,,,,,,,,,,,,,,,,,,,,,,,,,,,,,,,,,,,,,,,,,,,,,,,,,,
0,4,0.813,0,13.5025,1.11,0.6441,6.06,1.653,11.17,0.0799,4.47,0.0072,2.5,0.2703,72.55,100.7377,6.21,1.0276,0.97,0.0661,0.23,2.0843,0.65,0.5552,1.5,0.4834,8.17,2.901,5.22,0.4167,10.84,1.8766,5.75,0.1641,2.23,0.274,2.12,1.2915,3.42,1.3903,8.98,2.5876,10.7,3.6986,5.2,1.106,2.32,0.0284,7.62,3.287,0.27,0.608,0.072,0
0.5,6.955,0.813,134.943,13.5025,0,0.6441,6.111,1.653,9.777,0.0799,3.601,0.0072,2.563,0.2703,270.904,100.7377,5.811,1.0276,0.831,0.0661,5.86,2.0843,0.251,0.5552,3.244,0.4834,12.3,2.901,10.912,0.4167,13.449,1.8766,4.858,0.1641,2.442,0.274,6.073,1.2915,5.392,1.3903,13.136,2.5876,12.047,3.6986,8.706,1.106,1.842,0.0284,13.969,3.287,0.311,0.608,0.072,0
1,7.827,0.813,0,13.5025,2.971,0.6441,10.319,1.653,7.164,0.0799,2.537,0.0072,3.154,0.2703,405.006,100.7377,10.786,1.0276,0.431,0.0661,14.843,2.0843,2.064,0.5552,4.436,0.4834,17.364,2.901,15.341,0.4167,15.866,1.8766,4.335,0.1641,2.291,0.274,4.487,1.2915,7.189,1.3903,17.065,2.5876,23.938,3.6986,11.378,1.106,1.597,0.0284,17.583,3.287,0.353,0.608,0.096,0
1.5,10.332,0.813,0,13.5025,4.324,0.6441,12.279,1.653,6.367,0.0799,1.569,0.0072,2.416,0.2703,753.355,100.7377,11.04,1.0276,0.369,0.0661,11.906,2.0843,3.547,0.5552,3.977,0.4834,20.547,2.901,20.18,0.4167,15.755,1.8766,3.907,0.1641,2.681,0.274,4.255,1.2915,10.042,1.3903,16.986,2.5876,24.257,3.6986,12.248,1.106,1.793,0.0284,17.033,3.287,0.395,0.608,0.096,0
2,11.977,0.813,0,13.5025,5.921,0.6441,16.663,1.653,5.916,0.0799,0.241,0.0072,2.772,0.2703,658.941,100.7377,9.475,1.0276,0.438,0.0661,16.125,2.0843,5.463,0.5552,4.515,0.4834,22.029,2.901,19.379,0.4167,15.478,1.8766,3.089,0.1641,2.564,0.274,4.725,1.2915,12.991,1.3903,23.184,2.5876,25.2,3.6986,11.772,1.106,1.545,0.0284,21.997,3.287,0.438,0.608,0.096,0
2.5,11.654,0.813,0,13.5025,4.049,0.6441,16.235,1.653,3.837,0.0799,0,0.0072,2.466,0.2703,1007.377,100.7377,10.276,1.0276,0.377,0.0661,20.194,2.0843,4.033,0.5552,5,0.4834,24.237,2.901,18.286,0.4167,17.012,1.8766,2.919,0.1641,2.264,0.274,10.948,1.2915,11.65,1.3903,19.495,2.5876,41.734,3.6986,11.06,1.106,1.089,0.0284,27.279,3.287,0.48,0.608,0.096,0
3,13.166,0.813,0,13.5025,5.533,0.6441,15.503,1.653,2.56,0.0799,0,0.0072,2.913,0.2703,891.331,100.7377,10.655,1.0276,0.636,0.0661,24.173,2.0843,4.781,0.5552,5.475,0.4834,26.451,2.901,15.055,0.4167,17.674,1.8766,3.011,0.1641,2.153,0.274,14.013,1.2915,11.794,1.3903,23.349,2.5876,35.042,3.6986,13.054,1.106,0.9,0.0284,32.558,3.287,0.524,0.608,0.096,0
3.5,12.656,0.813,24.773,13.5025,6.652,0.6441,18.131,1.653,2.146,0.0799,0,0.0072,2.795,0.2703,863.616,100.7377,9.997,1.0276,0.723,0.0661,20.74,2.0843,4.585,0.5552,5.197,0.4834,29.01,2.901,12.67,0.4167,19.716,1.8766,2.518,0.1641,2.622,0.274,18.323,1.2915,13.436,1.3903,22.419,2.5876,38.655,3.6986,12.482,1.106,0.531,0.0284,31.585,3.287,0.567,0.608,0.096,0
4,12.046,0.813,111.792,13.5025,9.227,0.6441,15.135,1.653,0.995,0.0799,0.093,0.0072,2.885,0.2703,1002.67,100.7377,10.07,1.0276,0.583,0.0661,19.855,2.0843,7.735,0.5552,5.188,0.4834,32.463,2.901,9.963,0.4167,19.667,1.8766,2.279,0.1641,2.951,0.274,16.477,1.2915,13.904,1.3903,25.87,2.5876,42.644,3.6986,14.467,1.106,0.51,0.0284,34.66,3.287,0.615,0.608,0.096,1
4.5,13.426,0.813,427.328,13.5025,9.514,0.6441,16.643,1.653,0.799,0.0799,0.595,0.0072,2.647,0.2703,1203.228,100.7377,9.075,1.0276,0.707,0.0661,24.29,2.0843,6.758,0.5552,4.741,0.4834,32.087,2.901,5.546,0.4167,20.205,1.8766,1.376,0.1641,2.779,0.274,21.996,1.2915,14.691,1.3903,24.789,2.5876,34.08,3.6986,10.671,1.106,0.258,0.0284,32.87,3.287,0.667,0.608,0.096,1
5,12.114,0.813,611.953,13.5025,12.199,0.6441,19.711,1.653,0.131,0.0799,0,0.0072,2.748,0.2703,1266.458,100.7377,9.01,1.0276,0.822,0.0661,21.094,2.0843,7.06,0.5552,4.883,0.4834,30.957,2.901,4.674,0.4167,20.125,1.8766,1.246,0.1641,2.791,0.274,22.045,1.2915,16.155,1.3903,27.16,2.5876,41.98,3.6986,12.423,1.106,0.269,0.0284,30.791,3.287,0.72,0.608,0.096,1
5.5,11.035,0.813,683.831,13.5025,10.018,0.6441,20.241,1.653,0.068,0.0799,0.163,0.0072,3.017,0.2703,1231.432,100.7377,9.095,1.0276,0.794,0.0661,24.083,2.0843,10.963,0.5552,5.339,0.4834,34.181,2.901,3.537,0.4167,19.922,1.8766,1.38,0.1641,2.961,0.274,21.526,1.2915,16.025,1.3903,27.658,2.5876,43.236,3.6986,13.531,1.106,0.203,0.0284,38.117,3.287,0.773,0.608,0.096,1
6,10.745,0.813,404.463,13.5025,10.055,0.6441,19.454,1.653,0.307,0.0799,0,0.0072,2.299,0.2703,1283.012,100.7377,8.414,1.0276,1.06,0.0661,25.943,2.0843,11.455,0.5552,5.926,0.4834,32.968,2.901,0.635,0.4167,20.91,1.8766,1.228,0.1641,2.589,0.274,25.606,1.2915,15.998,1.3903,27.526,2.5876,42.758,3.6986,10.079,1.106,0.128,0.0284,36.431,3.287,0.825,0.608,0.096,1
6.5,10.694,0.813,542.907,13.5025,12.025,0.6441,19.446,1.653,0.83,0.0799,0.335,0.0072,2.458,0.2703,1349.822,100.7377,11.259,1.0276,1.092,0.0661,29.04,2.0843,14.777,0.5552,5.438,0.4834,29.925,2.901,1.275,0.4167,21.512,1.8766,0.742,0.1641,3.194,0.274,24.762,1.2915,16.594,1.3903,26.444,2.5876,43.843,3.6986,7.136,1.106,0.057,0.0284,43.182,3.287,0.878,0.608,0.096,1
7,9.137,0.813,551.812,13.5025,12.847,0.6441,18.162,1.653,0.277,0.0799,0,0.0072,2.897,0.2703,1193.675,100.7377,10.831,1.0276,1.075,0.0661,29.51,2.0843,16.209,0.5552,4.632,0.4834,29.216,2.901,1.611,0.4167,19.773,1.8766,0.757,0.1641,2.767,0.274,23.429,1.2915,16.012,1.3903,32.309,2.5876,42.359,3.6986,4.013,1.106,0,0.0284,45.61,3.287,0.931,0.608,0.096,1
7.5,8.13,0.813,550.66,13.5025,10.62,0.6441,20.469,1.653,0.992,0.0799,0.052,0.0072,2.71,0.2703,1301.606,100.7377,12.597,1.0276,1.225,0.0661,27.093,2.0843,19.973,0.5552,5.539,0.4834,31.434,2.901,1.613,0.4167,22.147,1.8766,1.504,0.1641,2.987,0.274,27.363,1.2915,16.865,1.3903,35.721,2.5876,47.215,3.6986,3.134,1.106,0.079,0.0284,40.737,3.287,0.984,0.608,0.096,1
,,,,,,,,,,,,,,,,,,,,,,,,,,,,,,,,,,,,,,,,,,,,,,,,,,,,,,
0,4,0.813,0,13.5025,1.11,0.6441,6.06,1.653,11.17,0.0799,4.47,0.0072,2.5,0.2703,72.55,100.7377,6.21,1.0276,0.97,0.0661,0.23,2.0843,0.65,0.5552,1.5,0.4834,8.17,2.901,5.22,0.4167,10.84,1.8766,5.75,0.1641,2.23,0.274,2.12,1.2915,3.42,1.3903,8.98,2.5876,10.7,3.6986,5.2,1.106,2.32,0.0284,7.62,3.287,0.27,0.608,0.072,0
0.5,6.312,0.813,0,13.5025,2.064,0.6441,10.167,1.653,10,0.0799,3.06,0.0072,2.461,0.2703,393.043,100.7377,7.278,1.0276,0.896,0.0661,9.91,2.0843,0.931,0.5552,2.204,0.4834,14.672,2.901,10.475,0.4167,11.968,1.8766,4.666,0.1641,2.395,0.274,3.594,1.2915,7.193,1.3903,14.731,2.5876,27.652,3.6986,8.892,1.106,1.974,0.0284,9.855,3.287,0.311,0.608,0.072,0
1,8.054,0.813,0,13.5025,2.475,0.6441,12.689,1.653,7.158,0.0799,2.681,0.0072,3.013,0.2703,549.563,100.7377,9.547,1.0276,0.722,0.0661,10.861,2.0843,2.332,0.5552,3.417,0.4834,15.621,2.901,15.155,0.4167,15.049,1.8766,4.317,0.1641,2.226,0.274,2.828,1.2915,8.528,1.3903,15.286,2.5876,23.292,3.6986,9.685,1.106,1.866,0.0284,23.62,3.287,0.353,0.608,0.096,0
1.5,9.915,0.813,38.446,13.5025,2.737,0.6441,13.935,1.653,6.417,0.0799,1.434,0.0072,2.754,0.2703,601.065,100.7377,8.193,1.0276,0.472,0.0661,8.363,2.0843,1.701,0.5552,4.634,0.4834,18.708,2.901,16.92,0.4167,16.258,1.8766,3.386,0.1641,2.589,0.274,8.536,1.2915,10.306,1.3903,18.661,2.5876,29.247,3.6986,12.003,1.106,1.534,0.0284,22.209,3.287,0.395,0.608,0.096,0
2,10.557,0.813,0,13.5025,2.112,0.6441,13.24,1.653,4.565,0.0799,0.362,0.0072,2.634,0.2703,893.689,100.7377,9.979,1.0276,0.569,0.0661,12.687,2.0843,2.934,0.5552,4.544,0.4834,18.679,2.901,20.412,0.4167,17.753,1.8766,3.292,0.1641,2.698,0.274,6.58,1.2915,10.176,1.3903,21.555,2.5876,29.945,3.6986,12.801,1.106,1.196,0.0284,28.895,3.287,0.438,0.608,0.096,0
2.5,12.567,0.813,10.123,13.5025,4.385,0.6441,14.793,1.653,4.535,0.0799,0.346,0.0072,2.806,0.2703,839.187,100.7377,9.112,1.0276,0.633,0.0661,16.814,2.0843,4.652,0.5552,4.526,0.4834,27.369,2.901,18.048,0.4167,18.532,1.8766,2.88,0.1641,2.772,0.274,10.928,1.2915,10.783,1.3903,23.26,2.5876,35.167,3.6986,11.992,1.106,0.961,0.0284,29.479,3.287,0.48,0.608,0.096,0
3,9.948,0.813,46.832,13.5025,7.235,0.6441,16.119,1.653,2.414,0.0799,0,0.0072,2.705,0.2703,851.887,100.7377,9.223,1.0276,0.473,0.0661,15.288,2.0843,5.552,0.5552,4.449,0.4834,26.804,2.901,14.176,0.4167,17.049,1.8766,2.874,0.1641,2.331,0.274,11.584,1.2915,12.613,1.3903,26.534,2.5876,34.558,3.6986,14.612,1.106,0.62,0.0284,32.783,3.287,0.524,0.608,0.096,0
3.5,11.613,0.813,0,13.5025,10.538,0.6441,14.281,1.653,1.82,0.0799,0.047,0.0072,2.951,0.2703,954.815,100.7377,9.894,1.0276,0.531,0.0661,19.213,2.0843,3.722,0.5552,4.816,0.4834,30.374,2.901,13.843,0.4167,17.436,1.8766,2.568,0.1641,2.78,0.274,14.696,1.2915,13.903,1.3903,27.569,2.5876,36.986,3.6986,13.382,1.106,0.908,0.0284,29.088,3.287,0.567,0.608,0.096,0
4,12.788,0.813,0,13.5025,8.759,0.6441,16.917,1.653,0.799,0.0799,0.113,0.0072,2.795,0.2703,1249.312,100.7377,10.165,1.0276,0.613,0.0661,26.102,2.0843,5.402,0.5552,6.206,0.4834,35.449,2.901,7.047,0.4167,20.363,1.8766,2.089,0.1641,2.664,0.274,15.418,1.2915,16.77,1.3903,27.852,2.5876,48.717,3.6986,15.279,1.106,0.517,0.0284,40.381,3.287,0.711,0.608,0.624,1
4.5,7.554,0.813,217.325,13.5025,7.053,0.6441,20.846,1.653,1,0.0799,0.208,0.0072,2.703,0.2703,1403.444,100.7377,13.058,1.0276,0.464,0.0661,28.211,2.0843,4.89,0.5552,6.546,0.4834,33.371,2.901,3.64,0.4167,21.498,1.8766,1.299,0.1641,2.957,0.274,12.918,1.2915,17.246,1.3903,32,2.5876,48.409,3.6986,19.502,1.106,0.058,0.0284,46.485,3.287,1.019,0.608,0.624,1
5,7.018,0.813,176.873,13.5025,5.58,0.6441,23.227,1.653,0.442,0.0799,0,0.0072,3.049,0.2703,1580.681,100.7377,13.983,1.0276,0.492,0.0661,30.873,2.0843,4.324,0.5552,8.023,0.4834,40.283,2.901,4.42,0.4167,25.421,1.8766,1.137,0.1641,3.303,0.274,10.958,1.2915,18.887,1.3903,35.768,2.5876,53.585,3.6986,22.371,1.106,0.198,0.0284,40.034,3.287,1.326,0.608,0.624,1
5.5,7.274,0.813,203.744,13.5025,5.869,0.6441,26.814,1.653,0,0.0799,0.09,0.0072,3.364,0.2703,1578.652,100.7377,14.171,1.0276,0.369,0.0661,30.539,2.0843,5.482,0.5552,8.919,0.4834,40.188,2.901,2.037,0.4167,26.082,1.8766,0.585,0.1641,3.28,0.274,13.604,1.2915,23.525,1.3903,35.837,2.5876,57.933,3.6986,21.75,1.106,0.113,0.0284,47.118,3.287,1.633,0.608,0.624,1
6,3.546,0.813,212.233,13.5025,6.441,0.6441,26.022,1.653,0,0.0799,0.688,0.0072,2.851,0.2703,1845.401,100.7377,16.875,1.0276,0.497,0.0661,32.476,2.0843,4.302,0.5552,8.14,0.4834,43.565,2.901,1.309,0.4167,24.939,1.8766,1.023,0.1641,3.241,0.274,11.815,1.2915,20.139,1.3903,38.764,2.5876,59.602,3.6986,22.752,1.106,0.007,0.0284,47.182,3.287,1.941,0.608,0.624,1
6.5,2.802,0.813,97.939,13.5025,5.004,0.6441,24.672,1.653,0,0.0799,0,0.0072,3.072,0.2703,1507.525,100.7377,18.668,1.0276,0.549,0.0661,31.642,2.0843,4.209,0.5552,9.423,0.4834,44.821,2.901,1.542,0.4167,24.648,1.8766,0.665,0.1641,3.434,0.274,14.112,1.2915,23.352,1.3903,35.771,2.5876,66.144,3.6986,25.899,1.106,0.12,0.0284,50.35,3.287,2.248,0.608,0.624,1
7,2.834,0.813,205.028,13.5025,6.947,0.6441,24.784,1.653,0.325,0.0799,0.109,0.0072,3.344,0.2703,1647.325,100.7377,17.715,1.0276,0.454,0.0661,35.647,2.0843,6.03,0.5552,9.614,0.4834,44.691,2.901,0.76,0.4167,26.164,1.8766,1.392,0.1641,3.67,0.274,9.262,1.2915,22.615,1.3903,38.586,2.5876,69.134,3.6986,22.343,1.106,0,0.0284,48.382,3.287,2.555,0.608,0.624,1
7.5,3.522,0.813,208.951,13.5025,3.641,0.6441,28.34,1.653,0.214,0.0799,0,0.0072,2.778,0.2703,1698.721,100.7377,18.002,1.0276,0.459,0.0661,34.463,2.0843,6.994,0.5552,8.979,0.4834,41.058,2.901,0.77,0.4167,24.882,1.8766,1.371,0.1641,3.243,0.274,11.751,1.2915,21.193,1.3903,38.612,2.5876,60.024,3.6986,23.656,1.106,0,0.0284,52.022,3.287,2.862,0.608,0.624,1
,,,,,,,,,,,,,,,,,,,,,,,,,,,,,,,,,,,,,,,,,,,,,,,,,,,,,,
0,4,0.813,0,13.5025,1.11,0.6441,6.06,1.653,11.17,0.0799,4.47,0.0072,2.5,0.2703,72.55,100.7377,6.21,1.0276,0.97,0.0661,0.23,2.0843,0.65,0.5552,1.5,0.4834,8.17,2.901,5.22,0.4167,10.84,1.8766,5.75,0.1641,2.23,0.274,2.12,1.2915,3.42,1.3903,8.98,2.5876,10.7,3.6986,5.2,1.106,2.32,0.0284,7.62,3.287,0.27,0.608,0,0
0.5,4.729,0.813,0,13.5025,1.879,0.6441,5.025,1.653,11.03,0.0799,3.866,0.0072,2.086,0.2703,115.348,100.7377,7.024,1.0276,1.013,0.0661,3.815,2.0843,0,0.5552,0.868,0.4834,6.928,2.901,10.377,0.4167,9.476,1.8766,6.137,0.1641,2.016,0.274,5.215,1.2915,2.326,1.3903,9.355,2.5876,14.218,3.6986,4.221,1.106,2.024,0.0284,12.898,3.287,0.27,0.608,0,0
1,8.97,0.813,114.187,13.5025,3.542,0.6441,3.055,1.653,9.6,0.0799,3.141,0.0072,2.043,0.2703,0,100.7377,4.682,1.0276,0.808,0.0661,0,2.0843,1.088,0.5552,1.723,0.4834,9.683,2.901,16.621,0.4167,6.622,1.8766,5.561,0.1641,2.274,0.274,5.367,1.2915,3.271,1.3903,9.837,2.5876,12.68,3.6986,4.329,1.106,2.081,0.0284,8.462,3.287,0.27,0.608,0,0
1.5,11.835,0.813,0,13.5025,3.278,0.6441,7.54,1.653,9.379,0.0799,2.051,0.0072,2.524,0.2703,0,100.7377,3.141,1.0276,0.948,0.0661,1.466,2.0843,0.85,0.5552,0.523,0.4834,4.435,2.901,21.966,0.4167,10.729,1.8766,5.04,0.1641,1.969,0.274,8.25,1.2915,4.279,1.3903,9.527,2.5876,4.696,3.6986,4.689,1.106,2.049,0.0284,6.882,3.287,0.27,0.608,0,0
2,15.428,0.813,67.935,13.5025,6.092,0.6441,5.104,1.653,7.621,0.0799,1.435,0.0072,2.379,0.2703,0,100.7377,4.988,1.0276,0.648,0.0661,2.242,2.0843,1.947,0.5552,1.259,0.4834,9.111,2.901,21.901,0.4167,9.268,1.8766,4.549,0.1641,1.7,0.274,11.382,1.2915,3.306,1.3903,8.825,2.5876,4.806,3.6986,1.199,1.106,1.781,0.0284,7.983,3.287,0.27,0.608,0,0
2.5,19.354,0.813,10.055,13.5025,8.855,0.6441,2.648,1.653,6.65,0.0799,0,0.0072,2.104,0.2703,111.949,100.7377,1.912,1.0276,0.552,0.0661,2.76,2.0843,1.986,0.5552,0,0.4834,4.033,2.901,21.027,0.4167,8.62,1.8766,4.582,0.1641,1.909,0.274,13.387,1.2915,3.177,1.3903,7.84,2.5876,5.542,3.6986,3.27,1.106,1.837,0.0284,5.785,3.287,0.27,0.608,0,0
3,20.831,0.813,5.782,13.5025,10.631,0.6441,3.264,1.653,5.331,0.0799,0,0.0072,2.509,0.2703,114.055,100.7377,1.818,1.0276,0.841,0.0661,0,2.0843,2.835,0.5552,0,0.4834,6.885,2.901,18.968,0.4167,9.705,1.8766,4.067,0.1641,1.902,0.274,17.363,1.2915,2.55,1.3903,7.046,2.5876,2.242,3.6986,4.583,1.106,1.64,0.0284,5.517,3.287,0.27,0.608,0,0
3.5,22.949,0.813,50.166,13.5025,10.906,0.6441,2.786,1.653,3.916,0.0799,0.17,0.0072,2.214,0.2703,0,100.7377,0.127,1.0276,1.099,0.0661,0.113,2.0843,3.184,0.5552,0.486,0.4834,2.516,2.901,11.806,0.4167,8.078,1.8766,4.109,0.1641,1.751,0.274,20.947,1.2915,2.555,1.3903,9.105,2.5876,8.902,3.6986,0.306,1.106,1.556,0.0284,5.104,3.287,0.27,0.608,0,0
4,16.851,0.813,83.544,13.5025,7.981,0.6441,10.762,1.653,2.754,0.0799,0.017,0.0072,2.085,0.2703,378.647,100.7377,5.442,1.0276,1.015,0.0661,7.67,2.0843,0.793,0.5552,1.539,0.4834,16.405,2.901,4.167,0.4167,13.512,1.8766,3.538,0.1641,2.3,0.274,24.689,1.2915,6.86,1.3903,14.05,2.5876,15.553,3.6986,7.16,1.106,0.999,0.0284,14.68,3.287,0.339,0.608,0.36,1
4.5,11.297,0.813,502.838,13.5025,6.539,0.6441,16.53,1.653,0.244,0.0799,0.161,0.0072,2.375,0.2703,928.747,100.7377,10.862,1.0276,0.465,0.0661,17.596,2.0843,1.5,0.5552,5.335,0.4834,27.697,2.901,3.998,0.4167,17.613,1.8766,2.31,0.1641,2.633,0.274,16.322,1.2915,9.575,1.3903,24.44,2.5876,34.014,3.6986,12.047,1.106,0.38,0.0284,26.918,3.287,0.519,0.608,0.36,1
5,9.484,0.813,733.983,13.5025,7.047,0.6441,19.218,1.653,0.756,0.0799,0.034,0.0072,2.438,0.2703,1100.925,100.7377,12.761,1.0276,0.611,0.0661,24.573,2.0843,4.19,0.5552,6.554,0.4834,29.582,2.901,2.494,0.4167,18.595,1.8766,1.755,0.1641,2.771,0.274,16.919,1.2915,15.904,1.3903,30.173,2.5876,38.972,3.6986,14.102,1.106,0.284,0.0284,35.958,3.287,0.699,0.608,0.36,1
5.5,9.491,0.813,499.717,13.5025,7.24,0.6441,21.118,1.653,0.629,0.0799,0.172,0.0072,3.009,0.2703,1372.142,100.7377,14.441,1.0276,0.247,0.0661,27.819,2.0843,4.321,0.5552,7.057,0.4834,35.271,2.901,3.465,0.4167,22.501,1.8766,1.802,0.1641,2.948,0.274,14.661,1.2915,18.256,1.3903,26.166,2.5876,42.928,3.6986,19.966,1.106,0.048,0.0284,38.594,3.287,0.879,0.608,0.36,1
6,8.117,0.813,436.782,13.5025,6.673,0.6441,20.787,1.653,0.695,0.0799,0,0.0072,2.776,0.2703,1424.366,100.7377,16.224,1.0276,0.401,0.0661,28.419,2.0843,3.399,0.5552,7.483,0.4834,36.993,2.901,2.128,0.4167,23.07,1.8766,1.85,0.1641,3.148,0.274,17.157,1.2915,16.871,1.3903,36.061,2.5876,53.535,3.6986,20.223,1.106,0.119,0.0284,46.734,3.287,1.059,0.608,0.36,1
6.5,5.419,0.813,401.275,13.5025,5.405,0.6441,24.408,1.653,0.026,0.0799,0.055,0.0072,2.72,0.2703,1457.335,100.7377,14.289,1.0276,0.366,0.0661,30.818,2.0843,6.479,0.5552,9.059,0.4834,40.984,2.901,2.113,0.4167,24.831,1.8766,0.671,0.1641,3.041,0.274,14.684,1.2915,17.432,1.3903,32.466,2.5876,52.884,3.6986,19.275,1.106,0.314,0.0284,45.404,3.287,1.239,0.608,0.36,1
7,4.07,0.813,447.839,13.5025,8.066,0.6441,24.115,1.653,0.393,0.0799,0,0.0072,2.884,0.2703,1473.06,100.7377,16.455,1.0276,0.446,0.0661,36.964,2.0843,6.151,0.5552,8.128,0.4834,39.529,2.901,0,0.4167,22.608,1.8766,0.672,0.1641,2.973,0.274,9.714,1.2915,20.394,1.3903,37.32,2.5876,57.645,3.6986,19.919,1.106,0.157,0.0284,48.969,3.287,1.419,0.608,0.36,1
7.5,2.324,0.813,279.146,13.5025,5.685,0.6441,23.735,1.653,1.096,0.0799,0.196,0.0072,2.867,0.2703,1624.698,100.7377,14.75,1.0276,0.439,0.0661,32.423,2.0843,7.519,0.5552,8.448,0.4834,42.677,2.901,2.38,0.4167,23.044,1.8766,0.904,0.1641,3.196,0.274,11.182,1.2915,18.522,1.3903,38.534,2.5876,54.295,3.6986,18.935,1.106,0.177,0.0284,46.956,3.287,1.599,0.608,0.36,1
,,,,,,,,,,,,,,,,,,,,,,,,,,,,,,,,,,,,,,,,,,,,,,,,,,,,,,
0,4,0.813,0,13.5025,1.11,0.6441,6.06,1.653,11.17,0.0799,4.47,0.0072,2.5,0.2703,72.55,100.7377,6.21,1.0276,0.97,0.0661,0.23,2.0843,0.65,0.5552,1.5,0.4834,8.17,2.901,5.22,0.4167,10.84,1.8766,5.75,0.1641,2.23,0.274,2.12,1.2915,3.42,1.3903,8.98,2.5876,10.7,3.6986,5.2,1.106,2.32,0.0284,7.62,3.287,0.27,0.608,0.096,0
0.5,5.828,0.813,0,13.5025,1.796,0.6441,11.07,1.653,8.672,0.0799,3.487,0.0072,2.636,0.2703,321.376,100.7377,8.788,1.0276,0.984,0.0661,4.546,2.0843,0.434,0.5552,2.644,0.4834,12.376,2.901,12.861,0.4167,10.614,1.8766,5.4,0.1641,2.874,0.274,1.739,1.2915,6.586,1.3903,13.79,2.5876,18.309,3.6986,8.951,1.106,2.012,0.0284,14.466,3.287,0.319,0.608,0.096,0
1,9.636,0.813,6.906,13.5025,0.94,0.6441,12.82,1.653,7.581,0.0799,2.441,0.0072,2.51,0.2703,752.886,100.7377,8.199,1.0276,0.513,0.0661,10.608,2.0843,2.308,0.5552,4.82,0.4834,16.197,2.901,16.662,0.4167,13.763,1.8766,4.193,0.1641,2.423,0.274,2.841,1.2915,7.034,1.3903,17.83,2.5876,22.62,3.6986,12.286,1.106,1.646,0.0284,19.35,3.287,0.368,0.608,0.096,0
1.5,10.585,0.813,117.9,13.5025,4.06,0.6441,14.558,1.653,6.597,0.0799,1.398,0.0072,2.469,0.2703,715.642,100.7377,9.45,1.0276,0.661,0.0661,15.231,2.0843,3.702,0.5552,4.907,0.4834,23.937,2.901,15.62,0.4167,15.638,1.8766,3.182,0.1641,2.839,0.274,2.963,1.2915,11.403,1.3903,19.236,2.5876,31.454,3.6986,12.096,1.106,1.384,0.0284,26.808,3.287,0.417,0.608,0.096,0
2,11.553,0.813,19.268,13.5025,2.766,0.6441,17.765,1.653,4.362,0.0799,0.465,0.0072,2.892,0.2703,804.112,100.7377,11.779,1.0276,0.478,0.0661,19.063,2.0843,3.835,0.5552,4.83,0.4834,24.175,2.901,18.114,0.4167,18.058,1.8766,3.058,0.1641,2.437,0.274,7.726,1.2915,11.908,1.3903,19.292,2.5876,34.889,3.6986,9.946,1.106,0.803,0.0284,29.457,3.287,0.467,0.608,0.096,0
2.5,11.975,0.813,24.73,13.5025,5.145,0.6441,14.147,1.653,3.2,0.0799,0.022,0.0072,2.679,0.2703,917.344,100.7377,11.247,1.0276,0.39,0.0661,16.792,2.0843,6.251,0.5552,4.762,0.4834,29.593,2.901,18.89,0.4167,17.765,1.8766,2.202,0.1641,2.698,0.274,10.103,1.2915,11.938,1.3903,26.41,2.5876,34.099,3.6986,14.42,1.106,0.903,0.0284,31.464,3.287,0.518,0.608,0.096,0
3,11.294,0.813,0,13.5025,7.207,0.6441,16.129,1.653,1.646,0.0799,0.009,0.0072,3.033,0.2703,945.901,100.7377,9.912,1.0276,0.398,0.0661,20.021,2.0843,2.915,0.5552,5.12,0.4834,25.272,2.901,13.144,0.4167,18.826,1.8766,2.52,0.1641,2.663,0.274,12.069,1.2915,14.211,1.3903,25.876,2.5876,41.703,3.6986,13.467,1.106,0.851,0.0284,41.183,3.287,0.569,0.608,0.096,0
3.5,12.083,0.813,11.629,13.5025,6.792,0.6441,14.71,1.653,1.109,0.0799,0.01,0.0072,2.589,0.2703,1256.837,100.7377,10.181,1.0276,0.717,0.0661,20.843,2.0843,5.267,0.5552,5.641,0.4834,30.088,2.901,14.176,0.4167,19.284,1.8766,2.055,0.1641,2.816,0.274,13.333,1.2915,15.39,1.3903,25.324,2.5876,43.071,3.6986,13.235,1.106,0.661,0.0284,34.327,3.287,0.62,0.608,0.096,0
4,13.686,0.813,54.331,13.5025,7.807,0.6441,19.919,1.653,1.348,0.0799,0.241,0.0072,2.714,0.2703,1238.178,100.7377,11.459,1.0276,0.647,0.0661,23.881,2.0843,5.628,0.5552,4.725,0.4834,29.25,2.901,9.191,0.4167,19.125,1.8766,1.871,0.1641,2.74,0.274,12.663,1.2915,18.225,1.3903,31.159,2.5876,45.811,3.6986,12.654,1.106,0.596,0.0284,38.147,3.287,0.721,0.608,0.36,1
4.5,7.245,0.813,142.91,13.5025,7.869,0.6441,20.37,1.653,0.363,0.0799,0,0.0072,3.153,0.2703,1325.813,100.7377,12.814,1.0276,0.401,0.0661,27.805,2.0843,7.332,0.5552,6.966,0.4834,36.346,2.901,8.203,0.4167,23.159,1.8766,1.585,0.1641,2.671,0.274,21.848,1.2915,17.244,1.3903,31.791,2.5876,45.728,3.6986,17.47,1.106,0.517,0.0284,40.527,3.287,0.901,0.608,0.36,1
5,7.535,0.813,377.483,13.5025,9.637,0.6441,21.099,1.653,0.652,0.0799,0,0.0072,3.199,0.2703,1512.548,100.7377,11.792,1.0276,0.528,0.0661,27.791,2.0843,6.202,0.5552,7.303,0.4834,40.048,2.901,3.722,0.4167,22.078,1.8766,1.561,0.1641,2.989,0.274,18.286,1.2915,18.075,1.3903,30.151,2.5876,46.948,3.6986,18.632,1.106,0.312,0.0284,44.874,3.287,1.081,0.608,0.36,1
5.5,6.97,0.813,468.132,13.5025,8.036,0.6441,19.84,1.653,0.494,0.0799,0,0.0072,2.758,0.2703,1474.69,100.7377,12.955,1.0276,0.407,0.0661,32.023,2.0843,5.547,0.5552,7.937,0.4834,40.777,2.901,2.195,0.4167,22.645,1.8766,0.979,0.1641,3.2,0.274,14.097,1.2915,18.611,1.3903,35.126,2.5876,55.815,3.6986,19.577,1.106,0,0.0284,43.598,3.287,1.261,0.608,0.36,1
6,6.458,0.813,166.078,13.5025,7.058,0.6441,23.358,1.653,0.272,0.0799,0.049,0.0072,3.045,0.2703,1518.755,100.7377,12.916,1.0276,0.566,0.0661,32.318,2.0843,7.078,0.5552,8.83,0.4834,34.012,2.901,4.633,0.4167,24.038,1.8766,0.736,0.1641,3.065,0.274,14.358,1.2915,17.629,1.3903,31.207,2.5876,60.186,3.6986,18.161,1.106,0,0.0284,49.111,3.287,1.441,0.608,0.36,1
6.5,3.364,0.813,107.315,13.5025,7.07,0.6441,23.216,1.653,0.486,0.0799,0.24,0.0072,3.304,0.2703,1516.438,100.7377,15.092,1.0276,0.764,0.0661,31.325,2.0843,8.184,0.5552,7.868,0.4834,41.85,2.901,1.992,0.4167,24.124,1.8766,1.118,0.1641,3.173,0.274,15.082,1.2915,20.779,1.3903,33.399,2.5876,52.528,3.6986,18.242,1.106,0.056,0.0284,52.408,3.287,1.621,0.608,0.36,1
7,5.478,0.813,225.314,13.5025,6.805,0.6441,22,1.653,0.93,0.0799,0.345,0.0072,3.33,0.2703,1542.48,100.7377,13.906,1.0276,0.67,0.0661,33.463,2.0843,9.136,0.5552,7.726,0.4834,40.845,2.901,0.596,0.4167,23.877,1.8766,0.884,0.1641,3.326,0.274,13.986,1.2915,18.312,1.3903,36.394,2.5876,50.612,3.6986,17.106,1.106,0,0.0284,48.567,3.287,1.801,0.608,0.36,1
7.5,5.153,0.813,264.482,13.5025,8.154,0.6441,22.653,1.653,0.356,0.0799,0,0.0072,2.829,0.2703,1768.065,100.7377,16.789,1.0276,0.535,0.0661,35.401,2.0843,8.402,0.5552,8.967,0.4834,42.215,2.901,0,0.4167,25.004,1.8766,1.245,0.1641,3.382,0.274,12.454,1.2915,20.576,1.3903,37.386,2.5876,63.563,3.6986,19.102,1.106,0.042,0.0284,48.864,3.287,1.981,0.608,0.36,1
,,,,,,,,,,,,,,,,,,,,,,,,,,,,,,,,,,,,,,,,,,,,,,,,,,,,,,
0,4,0.813,0,13.5025,1.11,0.6441,6.06,1.653,11.17,0.0799,4.47,0.0072,2.5,0.2703,72.55,100.7377,6.21,1.0276,0.97,0.0661,0.23,2.0843,0.65,0.5552,1.5,0.4834,8.17,2.901,5.22,0.4167,10.84,1.8766,5.75,0.1641,2.23,0.274,2.12,1.2915,3.42,1.3903,8.98,2.5876,10.7,3.6986,5.2,1.106,2.32,0.0284,7.62,3.287,0.27,0.608,0.048,0
0.5,5.982,0.813,0,13.5025,0,0.6441,9.054,1.653,9.852,0.0799,4.059,0.0072,2.68,0.2703,231.025,100.7377,7.87,1.0276,0.576,0.0661,3.711,2.0843,1.602,0.5552,1.346,0.4834,13.628,2.901,11.42,0.4167,10.802,1.8766,5.079,0.1641,2.476,0.274,0.985,1.2915,5.995,1.3903,10.753,2.5876,9.634,3.6986,7.403,1.106,2.121,0.0284,9.085,3.287,0.294,0.608,0.048,0
1,7.96,0.813,30.475,13.5025,1.861,0.6441,10.54,1.653,8.623,0.0799,3.062,0.0072,2.313,0.2703,498.113,100.7377,8.184,1.0276,0.441,0.0661,3.861,2.0843,1.883,0.5552,2.514,0.4834,14.22,2.901,15.997,0.4167,14.416,1.8766,4.993,0.1641,2.64,0.274,4.591,1.2915,6.206,1.3903,15.734,2.5876,19.336,3.6986,9.735,1.106,1.629,0.0284,17.177,3.287,0.318,0.608,0.048,0
1.5,11.799,0.813,1.196,13.5025,4.202,0.6441,12.45,1.653,8.321,0.0799,1.895,0.0072,2.467,0.2703,388,100.7377,8.903,1.0276,0.769,0.0661,7.173,2.0843,1.001,0.5552,2.699,0.4834,16.638,2.901,19.528,0.4167,12.53,1.8766,3.845,0.1641,2.154,0.274,8.363,1.2915,6.369,1.3903,15.029,2.5876,21.125,3.6986,9.537,1.106,1.826,0.0284,19.022,3.287,0.343,0.608,0.048,0
2,10.176,0.813,0,13.5025,3.654,0.6441,11.47,1.653,5.814,0.0799,0.855,0.0072,2.291,0.2703,553.588,100.7377,6.349,1.0276,0.499,0.0661,8.945,2.0843,6.015,0.5552,2.706,0.4834,20.742,2.901,19.447,0.4167,14.389,1.8766,3.709,0.1641,2.543,0.274,6.861,1.2915,8.74,1.3903,16.189,2.5876,22.3,3.6986,8.295,1.106,1.438,0.0284,21.311,3.287,0.367,0.608,0.048,0
2.5,14.378,0.813,0,13.5025,6.549,0.6441,13.482,1.653,5.208,0.0799,0.134,0.0072,2.57,0.2703,530.372,100.7377,7.298,1.0276,0.294,0.0661,13.874,2.0843,4.722,0.5552,3.56,0.4834,20.197,2.901,20.392,0.4167,15.336,1.8766,3.547,0.1641,2.456,0.274,16.684,1.2915,9.91,1.3903,16.539,2.5876,28.202,3.6986,8.398,1.106,1.407,0.0284,23.71,3.287,0.392,0.608,0.048,0
3,13.589,0.813,0,13.5025,8.599,0.6441,12.18,1.653,3.005,0.0799,0.189,0.0072,2.6,0.2703,608.187,100.7377,7.097,1.0276,0.41,0.0661,13.139,2.0843,4.8,0.5552,3.335,0.4834,18.277,2.901,15.192,0.4167,16.66,1.8766,3.056,0.1641,2.672,0.274,16.432,1.2915,8.522,1.3903,17.504,2.5876,28.465,3.6986,11.126,1.106,1.08,0.0284,26.477,3.287,0.417,0.608,0.048,0
3.5,14.762,0.813,0,13.5025,11.343,0.6441,13.807,1.653,2.024,0.0799,0.079,0.0072,2.719,0.2703,710.522,100.7377,6.712,1.0276,0.705,0.0661,15.957,2.0843,7.188,0.5552,3.148,0.4834,24.583,2.901,13.845,0.4167,15.529,1.8766,2.492,0.1641,2.496,0.274,18.088,1.2915,12.897,1.3903,20.957,2.5876,28.85,3.6986,8.699,1.106,0.928,0.0284,28.122,3.287,0.442,0.608,0.048,0
4,16.651,0.813,0,13.5025,11.856,0.6441,10.516,1.653,2.125,0.0799,0,0.0072,2.366,0.2703,832.606,100.7377,6.652,1.0276,0.889,0.0661,16.461,2.0843,3.295,0.5552,2.753,0.4834,24.404,2.901,9.094,0.4167,16.986,1.8766,2.517,0.1641,2.622,0.274,25.047,1.2915,8.867,1.3903,23.619,2.5876,26.549,3.6986,8.751,1.106,0.686,0.0284,26.455,3.287,0.457,0.608,0,1
4.5,18.146,0.813,794.26,13.5025,13.85,0.6441,14.215,1.653,1.111,0.0799,0.131,0.0072,2.473,0.2703,951.72,100.7377,5.147,1.0276,0.807,0.0661,14.631,2.0843,7.271,0.5552,3.179,0.4834,22.79,2.901,6.7,0.4167,18.049,1.8766,1.815,0.1641,2.611,0.274,27.674,1.2915,9.206,1.3903,23.496,2.5876,26.011,3.6986,6.318,1.106,0.46,0.0284,24.42,3.287,0.457,0.608,0,1
5,16.451,0.813,1060.541,13.5025,14.044,0.6441,8.625,1.653,0.864,0.0799,0,0.0072,2.295,0.2703,832.066,100.7377,4.001,1.0276,0.984,0.0661,10.791,2.0843,8.385,0.5552,2.333,0.4834,21.864,2.901,4.343,0.4167,12.977,1.8766,1.419,0.1641,2.26,0.274,30.831,1.2915,12.23,1.3903,21.885,2.5876,21.661,3.6986,5.414,1.106,0.279,0.0284,24.944,3.287,0.457,0.608,0,1
5.5,18.061,0.813,1081.936,13.5025,14.946,0.6441,11.096,1.653,0,0.0799,0,0.0072,2.571,0.2703,657.89,100.7377,2.965,1.0276,1.104,0.0661,15.197,2.0843,9.955,0.5552,1.159,0.4834,21.485,2.901,0.551,0.4167,13.942,1.8766,1.888,0.1641,2.235,0.274,32.235,1.2915,11.2,1.3903,20.055,2.5876,21.308,3.6986,3.041,1.106,0.003,0.0284,28.441,3.287,0.457,0.608,0,1
6,18.704,0.813,1199.841,13.5025,16.072,0.6441,9.873,1.653,0.623,0.0799,0,0.0072,2.346,0.2703,731.052,100.7377,5.35,1.0276,1.296,0.0661,15.557,2.0843,10.519,0.5552,0.904,0.4834,22.766,2.901,0.7,0.4167,16.86,1.8766,1.385,0.1641,2.058,0.274,31.424,1.2915,10.36,1.3903,19.915,2.5876,20.821,3.6986,1.247,1.106,0.156,0.0284,21.82,3.287,0.457,0.608,0,1
6.5,15.317,0.813,1314.815,13.5025,15.244,0.6441,8.346,1.653,0.106,0.0799,0,0.0072,2.176,0.2703,696.429,100.7377,4.912,1.0276,1.662,0.0661,12.282,2.0843,12.921,0.5552,1.309,0.4834,20.813,2.901,1.638,0.4167,14.91,1.8766,1.257,0.1641,2.306,0.274,33.747,1.2915,10.842,1.3903,21.377,2.5876,18.352,3.6986,0.507,1.106,0.166,0.0284,23.514,3.287,0.457,0.608,0,1
7,14.524,0.813,1203.933,13.5025,17.41,0.6441,10.355,1.653,0,0.0799,0.002,0.0072,2.237,0.2703,717.256,100.7377,6.815,1.0276,1.994,0.0661,13.392,2.0843,10.002,0.5552,1.217,0.4834,21.526,2.901,0.109,0.4167,15.234,1.8766,1.195,0.1641,2.394,0.274,34.988,1.2915,11.634,1.3903,22.52,2.5876,13.396,3.6986,3.243,1.106,0.051,0.0284,27.846,3.287,0.457,0.608,0,1
7.5,15.091,0.813,1366.103,13.5025,17.283,0.6441,10.195,1.653,1.014,0.0799,0.633,0.0072,2.176,0.2703,847.286,100.7377,7.44,1.0276,1.94,0.0661,12.192,2.0843,12.573,0.5552,0.717,0.4834,19.082,2.901,0.924,0.4167,16.477,1.8766,1.45,0.1641,2.175,0.274,37.887,1.2915,9.874,1.3903,22.593,2.5876,12.296,3.6986,1.054,1.106,0.179,0.0284,27.306,3.287,0.457,0.608,0,1
,,,,,,,,,,,,,,,,,,,,,,,,,,,,,,,,,,,,,,,,,,,,,,,,,,,,,,
0,4,0.813,0,13.5025,1.11,0.6441,6.06,1.653,11.17,0.0799,4.47,0.0072,2.5,0.2703,72.55,100.7377,6.21,1.0276,0.97,0.0661,0.23,2.0843,0.65,0.5552,1.5,0.4834,8.17,2.901,5.22,0.4167,10.84,1.8766,5.75,0.1641,2.23,0.274,2.12,1.2915,3.42,1.3903,8.98,2.5876,10.7,3.6986,5.2,1.106,2.32,0.0284,7.62,3.287,0.27,0.608,0.048,0
0.5,6.165,0.813,105.643,13.5025,2.502,0.6441,7.703,1.653,9.946,0.0799,3.126,0.0072,2.391,0.2703,88.054,100.7377,5.739,1.0276,0.964,0.0661,0,2.0843,2.169,0.5552,1.863,0.4834,16.717,2.901,11.145,0.4167,14.797,1.8766,5.385,0.1641,2.426,0.274,4.876,1.2915,4.959,1.3903,8.987,2.5876,14.595,3.6986,7.574,1.106,2.156,0.0284,9.839,3.287,0.294,0.608,0.048,0
1,10.835,0.813,28.268,13.5025,3.241,0.6441,10.465,1.653,9.621,0.0799,2.614,0.0072,2.563,0.2703,341,100.7377,5.242,1.0276,0.702,0.0661,5.837,2.0843,0,0.5552,3.058,0.4834,10.321,2.901,13.629,0.4167,12.117,1.8766,4.711,0.1641,2.205,0.274,8.562,1.2915,6.126,1.3903,14.222,2.5876,22.898,3.6986,7.889,1.106,1.805,0.0284,12.675,3.287,0.318,0.608,0.048,0
1.5,8.365,0.813,0,13.5025,1.939,0.6441,13.618,1.653,6.879,0.0799,1.779,0.0072,2.836,0.2703,316.702,100.7377,6.876,1.0276,0.774,0.0661,6.017,2.0843,3.711,0.5552,2.347,0.4834,17.226,2.901,19.7,0.4167,14.282,1.8766,3.677,0.1641,2.332,0.274,3.408,1.2915,7.266,1.3903,16.143,2.5876,27.842,3.6986,8.316,1.106,1.486,0.0284,17.623,3.287,0.343,0.608,0.048,0
2,11.544,0.813,0,13.5025,2.573,0.6441,11.127,1.653,5.867,0.0799,0.67,0.0072,2.795,0.2703,641.251,100.7377,8.898,1.0276,0.512,0.0661,10.484,2.0843,3.594,0.5552,3.968,0.4834,18.449,2.901,20.524,0.4167,14.529,1.8766,3.44,0.1641,2.42,0.274,10.563,1.2915,10.131,1.3903,20.089,2.5876,23.761,3.6986,7.484,1.106,1.578,0.0284,17.444,3.287,0.367,0.608,0.048,0
2.5,13.52,0.813,0,13.5025,5.797,0.6441,13.918,1.653,5.192,0.0799,0.49,0.0072,2.401,0.2703,765.624,100.7377,6.953,1.0276,0.514,0.0661,11.119,2.0843,2.446,0.5552,2.206,0.4834,20.415,2.901,21.559,0.4167,13.555,1.8766,2.989,0.1641,2.316,0.274,12.523,1.2915,7.428,1.3903,15.39,2.5876,26.71,3.6986,9.709,1.106,1.298,0.0284,16.843,3.287,0.392,0.608,0.048,0
3,13.727,0.813,0,13.5025,9.703,0.6441,10.589,1.653,4.101,0.0799,0.032,0.0072,2.715,0.2703,498.965,100.7377,7.363,1.0276,0.708,0.0661,10.099,2.0843,5.575,0.5552,3.476,0.4834,21.109,2.901,15.287,0.4167,16.667,1.8766,2.79,0.1641,2.478,0.274,14.37,1.2915,11.353,1.3903,19.063,2.5876,27.664,3.6986,9.085,1.106,1.217,0.0284,20.283,3.287,0.417,0.608,0.048,0
3.5,14.726,0.813,0,13.5025,9.8,0.6441,15.358,1.653,1.297,0.0799,0,0.0072,2.36,0.2703,816.708,100.7377,6.824,1.0276,0.767,0.0661,15.894,2.0843,6.381,0.5552,3.486,0.4834,23.182,2.901,12.37,0.4167,13.151,1.8766,2.444,0.1641,2.097,0.274,20.738,1.2915,10.053,1.3903,21.781,2.5876,22.168,3.6986,9.584,1.106,0.904,0.0284,26.624,3.287,0.442,0.608,0.048,0
4,10.283,0.813,24.277,13.5025,8.524,0.6441,14.742,1.653,1.012,0.0799,0.157,0.0072,2.412,0.2703,1001.55,100.7377,7.622,1.0276,0.631,0.0661,22.088,2.0843,6.576,0.5552,4.615,0.4834,28.065,2.901,5.999,0.4167,16.392,1.8766,2.27,0.1641,2.807,0.274,17.63,1.2915,13.851,1.3903,25.898,2.5876,38.427,3.6986,14.04,1.106,0.852,0.0284,36.198,3.287,0.594,0.608,0.72,1
4.5,8.148,0.813,282.204,13.5025,6.343,0.6441,21.046,1.653,0.041,0.0799,0,0.0072,3.042,0.2703,1310.289,100.7377,15.337,1.0276,0.23,0.0661,26.612,2.0843,3.601,0.5552,6.715,0.4834,31.276,2.901,4.87,0.4167,20.343,1.8766,1.822,0.1641,3.101,0.274,15.723,1.2915,18.491,1.3903,35.726,2.5876,48.404,3.6986,20.151,1.106,0.378,0.0284,44.913,3.287,0.954,0.608,0.72,1
5,5.614,0.813,242.896,13.5025,6.63,0.6441,22.735,1.653,0.189,0.0799,0.138,0.0072,2.656,0.2703,1418.435,100.7377,17.996,1.0276,0.235,0.0661,32.038,2.0843,5.656,0.5552,8.487,0.4834,37.157,2.901,4.743,0.4167,25.225,1.8766,1.235,0.1641,3.151,0.274,9.077,1.2915,18.37,1.3903,33.518,2.5876,54.191,3.6986,23.506,1.106,0,0.0284,51.81,3.287,1.314,0.608,0.72,1
5.5,5.632,0.813,212.768,13.5025,5.428,0.6441,22.69,1.653,0.412,0.0799,0.064,0.0072,2.635,0.2703,1694.998,100.7377,16.998,1.0276,0.435,0.0661,30.075,2.0843,4.127,0.5552,8.226,0.4834,40.983,2.901,2.37,0.4167,25.676,1.8766,1.384,0.1641,3.166,0.274,8.369,1.2915,20.822,1.3903,31.02,2.5876,58.298,3.6986,22.551,1.106,0,0.0284,44.893,3.287,1.674,0.608,0.72,1
6,4.201,0.813,206.753,13.5025,5.252,0.6441,23.222,1.653,0.326,0.0799,0,0.0072,3.093,0.2703,1669.423,100.7377,18.728,1.0276,0.429,0.0661,31.441,2.0843,2.364,0.5552,9.093,0.4834,42.199,2.901,1.735,0.4167,23.343,1.8766,1.397,0.1641,3.207,0.274,10.346,1.2915,20.893,1.3903,38.182,2.5876,51.329,3.6986,24.482,1.106,0.146,0.0284,52.974,3.287,2.034,0.608,0.72,1
6.5,4.777,0.813,343.892,13.5025,2.446,0.6441,26.694,1.653,0.722,0.0799,0,0.0072,3.413,0.2703,1661.864,100.7377,17.471,1.0276,0.193,0.0661,32.405,2.0843,3.409,0.5552,7.953,0.4834,43.87,2.901,1.496,0.4167,25.14,1.8766,1.179,0.1641,2.993,0.274,7.058,1.2915,19.872,1.3903,34.61,2.5876,59.9,3.6986,24.994,1.106,0.047,0.0284,50.542,3.287,2.394,0.608,0.72,1
7,4.95,0.813,163.256,13.5025,4.162,0.6441,24.042,1.653,0.294,0.0799,0,0.0072,3.403,0.2703,1737.997,100.7377,19.211,1.0276,0.389,0.0661,35.083,2.0843,5.708,0.5552,8.513,0.4834,48.512,2.901,1.262,0.4167,24.709,1.8766,1.038,0.1641,3.583,0.274,8.775,1.2915,21.945,1.3903,40.545,2.5876,65.899,3.6986,24.22,1.106,0.033,0.0284,49.824,3.287,2.754,0.608,0.72,1
7.5,2.757,0.813,135.025,13.5025,4.176,0.6441,24.427,1.653,0.207,0.0799,0,0.0072,2.878,0.2703,1813.145,100.7377,21.057,1.0276,0.443,0.0661,34.706,2.0843,7.189,0.5552,9.681,0.4834,39.285,2.901,2.283,0.4167,26.211,1.8766,0.943,0.1641,3.515,0.274,7.339,1.2915,22.62,1.3903,39.114,2.5876,64.638,3.6986,26.361,1.106,0.172,0.0284,50.525,3.287,3.114,0.608,0.72,1
,,,,,,,,,,,,,,,,,,,,,,,,,,,,,,,,,,,,,,,,,,,,,,,,,,,,,,
0,4,0.813,0,13.5025,1.11,0.6441,6.06,1.653,11.17,0.0799,4.47,0.0072,2.5,0.2703,72.55,100.7377,6.21,1.0276,0.97,0.0661,0.23,2.0843,0.65,0.5552,1.5,0.4834,8.17,2.901,5.22,0.4167,10.84,1.8766,5.75,0.1641,2.23,0.274,2.12,1.2915,3.42,1.3903,8.98,2.5876,10.7,3.6986,5.2,1.106,2.32,0.0284,7.62,3.287,0.27,0.608,0.048,0
0.5,4.617,0.813,78.803,13.5025,0.998,0.6441,8.579,1.653,8.633,0.0799,3.255,0.0072,2.629,0.2703,262.047,100.7377,6.678,1.0276,0.996,0.0661,3.943,2.0843,3.402,0.5552,1.804,0.4834,12.306,2.901,10.341,0.4167,11.587,1.8766,5.042,0.1641,2.361,0.274,2.856,1.2915,3.27,1.3903,9.329,2.5876,19.02,3.6986,7.902,1.106,2.041,0.0284,7.874,3.287,0.294,0.608,0.048,0
1,6.97,0.813,69.413,13.5025,2.821,0.6441,7.971,1.653,8.793,0.0799,2.138,0.0072,2.471,0.2703,259.148,100.7377,7.806,1.0276,0.696,0.0661,9.656,2.0843,1.21,0.5552,2.627,0.4834,12.1,2.901,14.996,0.4167,10.868,1.8766,4.905,0.1641,2.205,0.274,5.067,1.2915,6.691,1.3903,11.889,2.5876,18.813,3.6986,7.039,1.106,1.911,0.0284,12.834,3.287,0.318,0.608,0.048,0
1.5,8.637,0.813,48.051,13.5025,6.617,0.6441,12.115,1.653,7.2,0.0799,1.704,0.0072,2.478,0.2703,426.399,100.7377,7.208,1.0276,0.517,0.0661,12.153,2.0843,0.738,0.5552,2.367,0.4834,13.03,2.901,18.639,0.4167,14.964,1.8766,4.588,0.1641,2.573,0.274,6.518,1.2915,6.417,1.3903,16.201,2.5876,22.869,3.6986,10.314,1.106,1.347,0.0284,16.449,3.287,0.343,0.608,0.048,0
2,12.246,0.813,37.188,13.5025,5.032,0.6441,10.315,1.653,5.752,0.0799,0.434,0.0072,2.276,0.2703,471.07,100.7377,5.718,1.0276,0.484,0.0661,9.063,2.0843,2.34,0.5552,3.049,0.4834,17.311,2.901,21.424,0.4167,14.408,1.8766,4.021,0.1641,2.842,0.274,6.912,1.2915,7.815,1.3903,17.582,2.5876,26.904,3.6986,7.692,1.106,1.387,0.0284,15.455,3.287,0.367,0.608,0.048,0
2.5,13.516,0.813,50.851,13.5025,6.453,0.6441,12.611,1.653,5.084,0.0799,0.402,0.0072,2.897,0.2703,672.445,100.7377,7.503,1.0276,0.615,0.0661,9.582,2.0843,4.215,0.5552,4.461,0.4834,17.498,2.901,18.731,0.4167,14.497,1.8766,3.181,0.1641,1.893,0.274,13.651,1.2915,9.698,1.3903,17.794,2.5876,24.218,3.6986,7.613,1.106,1.22,0.0284,18.075,3.287,0.392,0.608,0.048,0
3,14.484,0.813,48.598,13.5025,8.909,0.6441,11.677,1.653,3.739,0.0799,0.361,0.0072,2.608,0.2703,817.728,100.7377,8.773,1.0276,0.758,0.0661,15.117,2.0843,5.478,0.5552,4.151,0.4834,23.248,2.901,16.788,0.4167,16.201,1.8766,3.044,0.1641,2.461,0.274,12.915,1.2915,8.702,1.3903,20.229,2.5876,28.397,3.6986,9.448,1.106,0.826,0.0284,24.718,3.287,0.417,0.608,0.048,0
3.5,15.8,0.813,27.587,13.5025,8.001,0.6441,11.485,1.653,2.274,0.0799,0,0.0072,2.473,0.2703,739.538,100.7377,6.28,1.0276,0.686,0.0661,13.028,2.0843,4.575,0.5552,3.709,0.4834,28.245,2.901,11.062,0.4167,17.199,1.8766,2.8,0.1641,2.641,0.274,18.593,1.2915,12.023,1.3903,22.041,2.5876,29.877,3.6986,8.826,1.106,0.888,0.0284,26.415,3.287,0.442,0.608,0.048,0
4,13.866,0.813,44.214,13.5025,10.914,0.6441,13.738,1.653,1.422,0.0799,0,0.0072,2.76,0.2703,1015.127,100.7377,6.909,1.0276,0.923,0.0661,18.133,2.0843,5.262,0.5552,4.374,0.4834,22.058,2.901,7.827,0.4167,16.948,1.8766,2.103,0.1641,2.445,0.274,16.967,1.2915,13.346,1.3903,22.655,2.5876,34.625,3.6986,9.526,1.106,0.778,0.0284,32.754,3.287,0.526,0.608,0.36,1
4.5,9.104,0.813,316.565,13.5025,7.825,0.6441,15.959,1.653,0.467,0.0799,0,0.0072,2.919,0.2703,1100.745,100.7377,9.873,1.0276,0.453,0.0661,22.548,2.0843,6.59,0.5552,6.023,0.4834,33.558,2.901,6.834,0.4167,20.158,1.8766,1.651,0.1641,2.825,0.274,20.484,1.2915,17.131,1.3903,27.593,2.5876,37.216,3.6986,16.049,1.106,0.181,0.0284,37.474,3.287,0.706,0.608,0.36,1
5,8.439,0.813,430.719,13.5025,8.679,0.6441,22.385,1.653,0,0.0799,0,0.0072,2.622,0.2703,1322.416,100.7377,12.836,1.0276,0.451,0.0661,26.989,2.0843,5.64,0.5552,6.677,0.4834,35.62,2.901,2.1,0.4167,21.052,1.8766,1.221,0.1641,2.978,0.274,16.711,1.2915,16.865,1.3903,29.334,2.5876,46.005,3.6986,17.7,1.106,0.154,0.0284,38.27,3.287,0.886,0.608,0.36,1
5.5,7.077,0.813,443.966,13.5025,8.034,0.6441,17.746,1.653,0.763,0.0799,0.347,0.0072,2.946,0.2703,1388.205,100.7377,13.118,1.0276,0.478,0.0661,30.023,2.0843,5.782,0.5552,7.53,0.4834,34.529,2.901,4.33,0.4167,21.711,1.8766,1.303,0.1641,2.922,0.274,16.728,1.2915,19.321,1.3903,35.203,2.5876,44.11,3.6986,20.119,1.106,0.15,0.0284,42.917,3.287,1.066,0.608,0.36,1
6,4.514,0.813,314.657,13.5025,7.405,0.6441,20.423,1.653,0.768,0.0799,0,0.0072,2.859,0.2703,1619.315,100.7377,15.317,1.0276,0.473,0.0661,31.701,2.0843,5.965,0.5552,8.086,0.4834,40.521,2.901,1.319,0.4167,23.817,1.8766,1.706,0.1641,3.257,0.274,14.552,1.2915,17.884,1.3903,31.22,2.5876,51.9,3.6986,19.022,1.106,0.032,0.0284,42.914,3.287,1.246,0.608,0.36,1
6.5,6.721,0.813,327.102,13.5025,6.473,0.6441,20.092,1.653,0.068,0.0799,0.302,0.0072,3.33,0.2703,1550.465,100.7377,14.72,1.0276,0.682,0.0661,31.625,2.0843,6.99,0.5552,7.293,0.4834,37.007,2.901,1.823,0.4167,24.696,1.8766,1.131,0.1641,3.415,0.274,17.895,1.2915,19.979,1.3903,37.951,2.5876,52.467,3.6986,19.315,1.106,0.264,0.0284,48.613,3.287,1.426,0.608,0.36,1
7,2.307,0.813,280.832,13.5025,7.314,0.6441,21.614,1.653,0,0.0799,0.309,0.0072,3.066,0.2703,1633.167,100.7377,13.509,1.0276,0.576,0.0661,30.291,2.0843,10.063,0.5552,7.964,0.4834,35.386,2.901,0,0.4167,22.415,1.8766,0.943,0.1641,3.26,0.274,13.19,1.2915,21.417,1.3903,34.318,2.5876,56.253,3.6986,16.293,1.106,0.156,0.0284,43.3,3.287,1.606,0.608,0.36,1
7.5,4.79,0.813,353.024,13.5025,7.724,0.6441,19.896,1.653,0,0.0799,0.63,0.0072,2.838,0.2703,1565.499,100.7377,15.714,1.0276,0.836,0.0661,31.152,2.0843,9.98,0.5552,8.258,0.4834,37.973,2.901,1.537,0.4167,25.99,1.8766,1.558,0.1641,3.325,0.274,15.939,1.2915,19.841,1.3903,36.042,2.5876,59.024,3.6986,18.795,1.106,0,0.0284,50.587,3.287,1.786,0.608,0.36,1
